[
  {
    "_id": "54d38af178bf1fbfe80a59e5",
    "index": 0,
    "guid": "cc631fea-7bf2-4595-950c-097880a818bc",
    "isActive": false,
    "balance": "$3,397.06",
    "picture": "http://placehold.it/32x32",
    "age": 39,
    "eyeColor": "brown",
    "name": "Corina Tyler",
    "gender": "female",
    "company": "GEEKOL",
    "email": "corinatyler@geekol.com",
    "phone": "+1 (899) 452-2754",
    "address": "608 Leonard Street, Yettem, Connecticut, 6707",
    "about": "Ea dolore pariatur aliqua veniam officia est et fugiat ipsum do sunt mollit id aute. Nisi ad elit ut et et. Duis in aliquip id labore ex et laboris anim magna proident Lorem est ut. Consectetur sint aliqua eu exercitation anim cupidatat fugiat. Enim exercitation amet ex irure quis anim est fugiat et laborum.\r\n",
    "registered": "2014-03-27T05:29:11 -01:00",
    "latitude": -57.157547,
    "longitude": -23.548119,
    "tags": [
      "est",
      "est",
      "exercitation",
      "ipsum",
      "tempor",
      "id",
      "aliqua"
    ],
    "friends": [
      {
        "id": 0,
        "name": "Bates Lynch"
      },
      {
        "id": 1,
        "name": "Duffy Townsend"
      },
      {
        "id": 2,
        "name": "Nelson Good"
      }
    ],
    "greeting": "Hello, Corina Tyler! You have 8 unread messages.",
    "favoriteFruit": "apple"
  },
  {
    "_id": "54d38af1c9a8d04d5e35f211",
    "index": 1,
    "guid": "d8dd5231-048f-4a5a-b392-8f7c3492ad15",
    "isActive": false,
    "balance": "$1,646.89",
    "picture": "http://placehold.it/32x32",
    "age": 22,
    "eyeColor": "brown",
    "name": "Santos Boyd",
    "gender": "male",
    "company": "AUTOGRATE",
    "email": "santosboyd@autograte.com",
    "phone": "+1 (872) 545-2605",
    "address": "428 Homecrest Avenue, Century, Kentucky, 1905",
    "about": "Quis cillum mollit adipisicing duis sunt. Eiusmod culpa reprehenderit proident magna laborum voluptate incididunt et ipsum in laboris consectetur. Nostrud consequat excepteur nisi magna officia.\r\n",
    "registered": "2015-02-03T03:03:32 -01:00",
    "latitude": 47.505093,
    "longitude": -138.153509,
    "tags": [
      "aliquip",
      "et",
      "eu",
      "minim",
      "non",
      "eiusmod",
      "deserunt"
    ],
    "friends": [
      {
        "id": 0,
        "name": "Annmarie Larson"
      },
      {
        "id": 1,
        "name": "Cherie Potts"
      },
      {
        "id": 2,
        "name": "Catalina Bass"
      }
    ],
    "greeting": "Hello, Santos Boyd! You have 1 unread messages.",
    "favoriteFruit": "apple"
  },
  {
    "_id": "54d38af171fedb95c2841d64",
    "index": 2,
    "guid": "f4b131d7-871f-4503-8674-275c4c8e3121",
    "isActive": false,
    "balance": "$3,311.55",
    "picture": "http://placehold.it/32x32",
    "age": 23,
    "eyeColor": "green",
    "name": "Jeannie Daugherty",
    "gender": "female",
    "company": "COMTRAK",
    "email": "jeanniedaugherty@comtrak.com",
    "phone": "+1 (853) 445-3806",
    "address": "189 Narrows Avenue, Cascades, Arkansas, 5738",
    "about": "Velit labore mollit in sint culpa dolor consequat voluptate cupidatat ut. Laborum dolore incididunt deserunt adipisicing aliquip nisi cupidatat. Aliqua cillum consequat voluptate nulla velit deserunt cillum do reprehenderit cupidatat quis labore anim nulla. Irure do nisi et ea excepteur culpa mollit aliqua occaecat id dolore ullamco ad. Magna enim consectetur ea ullamco tempor magna eu consequat sint irure. In Lorem est id est do anim ex.\r\n",
    "registered": "2014-01-29T22:48:53 -01:00",
    "latitude": 72.451611,
    "longitude": -89.847471,
    "tags": [
      "consequat",
      "deserunt",
      "ipsum",
      "commodo",
      "magna",
      "ut",
      "ut"
    ],
    "friends": [
      {
        "id": 0,
        "name": "Kenya Alford"
      },
      {
        "id": 1,
        "name": "Francesca Carpenter"
      },
      {
        "id": 2,
        "name": "Celina Petty"
      }
    ],
    "greeting": "Hello, Jeannie Daugherty! You have 3 unread messages.",
    "favoriteFruit": "strawberry"
  },
  {
    "_id": "54d38af16b1001dc2ee7f7b0",
    "index": 3,
    "guid": "c905d47f-8e7a-488d-a1a0-df61bf1af2eb",
    "isActive": true,
    "balance": "$2,311.19",
    "picture": "http://placehold.it/32x32",
    "age": 39,
    "eyeColor": "green",
    "name": "Jordan Horton",
    "gender": "female",
    "company": "ENERSOL",
    "email": "jordanhorton@enersol.com",
    "phone": "+1 (910) 467-2211",
    "address": "123 Harwood Place, Northchase, Guam, 5138",
    "about": "Cupidatat aliqua nisi minim ad culpa cupidatat proident fugiat veniam aliquip minim anim et. Ullamco consequat consequat aute exercitation aliqua eiusmod sunt ea. Et laborum dolor ex proident do non adipisicing nostrud voluptate qui reprehenderit elit ad nostrud. Excepteur exercitation laborum nulla laboris incididunt. Est sunt nisi eu id fugiat excepteur. In sunt laborum aliquip aute ipsum.\r\n",
    "registered": "2014-10-08T23:32:53 -02:00",
    "latitude": -52.78747,
    "longitude": -121.825343,
    "tags": [
      "voluptate",
      "non",
      "dolor",
      "nisi",
      "minim",
      "mollit",
      "minim"
    ],
    "friends": [
      {
        "id": 0,
        "name": "Fields Ballard"
      },
      {
        "id": 1,
        "name": "Peterson Reese"
      },
      {
        "id": 2,
        "name": "Montoya Mccullough"
      }
    ],
    "greeting": "Hello, Jordan Horton! You have 3 unread messages.",
    "favoriteFruit": "banana"
  },
  {
    "_id": "54d38af1ae98fd5f8860a1a0",
    "index": 4,
    "guid": "d6f73551-9672-4f4a-b832-1d2942a53203",
    "isActive": false,
    "balance": "$1,178.62",
    "picture": "http://placehold.it/32x32",
    "age": 36,
    "eyeColor": "green",
    "name": "Mae Roy",
    "gender": "female",
    "company": "BUGSALL",
    "email": "maeroy@bugsall.com",
    "phone": "+1 (859) 452-3883",
    "address": "266 Berriman Street, Logan, Rhode Island, 2566",
    "about": "Adipisicing id incididunt ut excepteur officia incididunt enim quis dolor incididunt esse esse. Nulla laboris pariatur eiusmod veniam duis ipsum Lorem ex cupidatat do sunt commodo cillum. Laboris enim aute irure qui officia laborum. Veniam ullamco ad laboris nulla minim laboris ut ad minim non duis.\r\n",
    "registered": "2014-07-31T12:08:03 -02:00",
    "latitude": 49.234132,
    "longitude": -86.652077,
    "tags": [
      "ut",
      "mollit",
      "duis",
      "ea",
      "cillum",
      "in",
      "ut"
    ],
    "friends": [
      {
        "id": 0,
        "name": "Acevedo Kent"
      },
      {
        "id": 1,
        "name": "Wood Edwards"
      },
      {
        "id": 2,
        "name": "Kris Brennan"
      }
    ],
    "greeting": "Hello, Mae Roy! You have 3 unread messages.",
    "favoriteFruit": "strawberry"
  },
  {
    "_id": "54d38af1638743947b6d15c2",
    "index": 5,
    "guid": "db331420-0216-4a92-93eb-23aa0f69a533",
    "isActive": true,
    "balance": "$2,375.71",
    "picture": "http://placehold.it/32x32",
    "age": 20,
    "eyeColor": "blue",
    "name": "Mooney Manning",
    "gender": "male",
    "company": "HOMELUX",
    "email": "mooneymanning@homelux.com",
    "phone": "+1 (865) 585-2829",
    "address": "833 Madison Street, Mulino, Iowa, 249",
    "about": "Et ex irure magna culpa fugiat magna exercitation laborum velit quis nostrud et minim in. Sint nulla laboris non non. Do excepteur dolor ipsum proident anim.\r\n",
    "registered": "2014-12-23T16:46:55 -01:00",
    "latitude": -37.873914,
    "longitude": 11.797406,
    "tags": [
      "cupidatat",
      "labore",
      "culpa",
      "esse",
      "amet",
      "nostrud",
      "irure"
    ],
    "friends": [
      {
        "id": 0,
        "name": "Avila Lawrence"
      },
      {
        "id": 1,
        "name": "Wright Stokes"
      },
      {
        "id": 2,
        "name": "Joann Ramirez"
      }
    ],
    "greeting": "Hello, Mooney Manning! You have 8 unread messages.",
    "favoriteFruit": "banana"
  },
  {
    "_id": "54d38af187f8159129b215ef",
    "index": 6,
    "guid": "0a7a0751-3ed3-480e-8b87-082f440d4bde",
    "isActive": false,
    "balance": "$2,258.43",
    "picture": "http://placehold.it/32x32",
    "age": 26,
    "eyeColor": "brown",
    "name": "Sylvia Roberts",
    "gender": "female",
    "company": "ZOLARITY",
    "email": "sylviaroberts@zolarity.com",
    "phone": "+1 (852) 580-3720",
    "address": "604 Boardwalk , Greensburg, Pennsylvania, 9876",
    "about": "Amet mollit mollit nostrud dolor ut et. Eiusmod amet id nulla commodo qui ullamco pariatur nulla magna nisi proident. Irure aliquip eu excepteur incididunt nisi consectetur.\r\n",
    "registered": "2014-09-20T02:58:52 -02:00",
    "latitude": 3.989497,
    "longitude": -111.05834,
    "tags": [
      "culpa",
      "quis",
      "commodo",
      "laboris",
      "consectetur",
      "pariatur",
      "enim"
    ],
    "friends": [
      {
        "id": 0,
        "name": "Logan Rivas"
      },
      {
        "id": 1,
        "name": "Bryan Sullivan"
      },
      {
        "id": 2,
        "name": "Bobbie Cleveland"
      }
    ],
    "greeting": "Hello, Sylvia Roberts! You have 9 unread messages.",
    "favoriteFruit": "banana"
  }
]
